CU,SpeciesId,CU_Name,Year,T_Idx_E,ExpFactor1,AdjSum,ExpFactor2,ObsE,ExpFactor3,TE,CDN Harvest,CDN ER,TRTC,Total Harvest,Total ER,Total Run,Q1,Q2,Q3,ER Indicator,ER Indicator Lookup,ER Source,StatArea
SX_L-24-02,SX,DAMDOCHAX/WINIMASIK,1982,"5,000",1.00,"5,000",1.00,"5,000",1.00,"5,000","6,829",45.4%,"11,829","10,030",66.7%,"15,030",1.00,5.00,5.00,Damdochax,[LOOKUP CU],Sockeye Model,03
SX_L-24-02,SX,DAMDOCHAX/WINIMASIK,1983,500,1.00,500,1.00,500,1.00,500,"1,090",48.1%,"1,590","1,766",77.9%,"2,266",1.00,5.00,5.00,Damdochax,[LOOKUP CU],Sockeye Model,03
SX_L-24-02,SX,DAMDOCHAX/WINIMASIK,1984,"1,000",1.00,"1,000",1.00,"1,000",1.00,"1,000","1,514",40.5%,"2,514","2,737",73.2%,"3,737",1.00,5.00,5.00,Damdochax,[LOOKUP CU],Sockeye Model,03
SX_L-24-02,SX,DAMDOCHAX/WINIMASIK,1985,"15,000",1.00,"15,000",1.00,"15,000",1.00,"15,000","15,321",38.0%,"30,321","25,304",62.8%,"40,304",1.00,5.00,5.00,Damdochax,[LOOKUP CU],Sockeye Model,03
SX_L-24-02,SX,DAMDOCHAX/WINIMASIK,1986,"10,000",1.00,"10,000",1.00,"10,000",1.00,"10,000","11,287",25.7%,"21,287","33,837",77.2%,"43,837",1.00,5.00,5.00,Damdochax,[LOOKUP CU],Sockeye Model,03
SX_L-24-02,SX,DAMDOCHAX/WINIMASIK,1987,"2,000",1.00,"2,000",1.00,"2,000",1.00,"2,000","3,342",43.2%,"5,342","5,745",74.2%,"7,745",1.00,5.00,5.00,Damdochax,[LOOKUP CU],Sockeye Model,03
SX_L-24-02,SX,DAMDOCHAX/WINIMASIK,1988,"2,000",1.00,"2,000",1.00,"2,000",1.00,"2,000","2,063",30.5%,"4,063","4,771",70.5%,"6,771",1.00,5.00,5.00,Damdochax,[LOOKUP CU],Sockeye Model,03
SX_L-24-02,SX,DAMDOCHAX/WINIMASIK,1989,"5,000",1.00,"5,000",1.00,"5,000",1.00,"5,000","13,428",41.1%,"18,428","27,650",84.7%,"32,650",1.00,5.00,5.00,Damdochax,[LOOKUP CU],Sockeye Model,03
SX_L-24-02,SX,DAMDOCHAX/WINIMASIK,1990,"4,000",1.00,"4,000",1.00,"4,000",1.00,"4,000","3,904",27.1%,"7,904","10,431",72.3%,"14,431",1.00,5.00,5.00,Damdochax,[LOOKUP CU],Sockeye Model,03
SX_L-24-02,SX,DAMDOCHAX/WINIMASIK,1991,"3,000",1.00,"3,000",1.00,"3,000",1.00,"3,000","6,770",49.4%,"9,770","10,719",78.1%,"13,719",1.00,5.00,5.00,Damdochax,[LOOKUP CU],Sockeye Model,03
SX_L-24-02,SX,DAMDOCHAX/WINIMASIK,1992,"4,500",1.00,"4,500",1.00,"4,500",1.00,"4,500","9,366",51.4%,"13,866","13,735",75.3%,"18,235",1.00,5.00,5.00,Damdochax,[LOOKUP CU],Sockeye Model,03
SX_L-24-02,SX,DAMDOCHAX/WINIMASIK,1993,"8,150",1.00,"8,150",1.00,"8,150",1.00,"8,150","24,690",53.9%,"32,840","37,665",82.2%,"45,815",1.00,5.00,5.00,Damdochax,[LOOKUP CU],Sockeye Model,03
SX_L-24-02,SX,DAMDOCHAX/WINIMASIK,1994,"3,875",1.00,"3,875",1.00,"3,875",1.00,"3,875","3,944",32.6%,"7,819","8,239",68.0%,"12,114",1.00,5.00,5.00,Damdochax,[LOOKUP CU],Sockeye Model,03
SX_L-24-02,SX,DAMDOCHAX/WINIMASIK,1995,"1,035",1.00,"1,035",1.00,"1,035",1.00,"1,035","3,650",53.4%,"4,685","5,795",84.8%,"6,830",1.00,5.00,5.00,Damdochax,[LOOKUP CU],Sockeye Model,03
SX_L-24-02,SX,DAMDOCHAX/WINIMASIK,1996,"1,543",1.00,"1,543",1.00,"1,543",1.00,"1,543","4,610",45.2%,"6,153","8,668",84.9%,"10,210",1.00,5.00,5.00,Damdochax,[LOOKUP CU],Sockeye Model,03
SX_L-24-02,SX,DAMDOCHAX/WINIMASIK,1997,"3,000",1.00,"3,000",1.00,"3,000",1.00,"3,000","4,085",29.8%,"7,085","10,697",78.1%,"13,697",1.00,5.00,5.00,Damdochax,[LOOKUP CU],Sockeye Model,03
SX_L-24-02,SX,DAMDOCHAX/WINIMASIK,1998,"8,190",1.00,"8,190",1.00,"8,190",1.00,"8,190","4,363",17.9%,"12,553","16,132",66.3%,"24,322",1.00,5.00,5.00,Damdochax,[LOOKUP CU],Sockeye Model,03
SX_L-24-02,SX,DAMDOCHAX/WINIMASIK,1999,"1,200",1.00,"1,200",1.00,"1,200",1.00,"1,200","2,795",50.7%,"3,995","4,316",78.2%,"5,516",1.00,5.00,5.00,Damdochax,[LOOKUP CU],Sockeye Model,03
SX_L-24-02,SX,DAMDOCHAX/WINIMASIK,2000,500,1.00,500,1.00,500,1.00,500,967,54.0%,"1,467","1,291",72.1%,"1,791",1.00,5.00,5.00,Damdochax,[LOOKUP CU],Sockeye Model,03
SX_L-24-02,SX,DAMDOCHAX/WINIMASIK,2001,"1,750",1.00,"1,750",1.00,"1,750",1.00,"1,750","2,317",32.9%,"4,067","5,303",75.2%,"7,053",1.00,5.00,5.00,Damdochax,[LOOKUP CU],Sockeye Model,03
SX_L-24-02,SX,DAMDOCHAX/WINIMASIK,2002,463,1.00,463,1.00,463,1.00,463,"1,039",62.5%,"1,501","1,201",72.2%,"1,663",1.00,5.00,5.00,Damdochax,[LOOKUP CU],Sockeye Model,03
SX_L-24-02,SX,DAMDOCHAX/WINIMASIK,2003,"1,568",1.00,"1,568",1.00,"1,568",1.00,"1,568","3,344",55.9%,"4,912","4,414",73.8%,"5,981",1.00,5.00,5.00,Damdochax,[LOOKUP CU],Sockeye Model,03
SX_L-24-02,SX,DAMDOCHAX/WINIMASIK,2004,586,1.00,586,1.00,586,1.00,586,954,36.5%,"1,540","2,025",77.6%,"2,611",1.00,5.00,5.00,Damdochax,[LOOKUP CU],Sockeye Model,03
SX_L-24-02,SX,DAMDOCHAX/WINIMASIK,2005,505,1.00,505,1.00,505,1.00,505,465,34.0%,970,863,63.1%,"1,368",1.00,5.00,5.00,Damdochax,[LOOKUP CU],Sockeye Model,03
SX_L-24-02,SX,DAMDOCHAX/WINIMASIK,2006,"1,701",1.00,"1,701",1.00,"1,701",1.00,"1,701","1,839",38.9%,"3,540","3,028",64.0%,"4,729",1.00,5.00,5.00,Damdochax,[LOOKUP CU],Sockeye Model,03
SX_L-24-02,SX,DAMDOCHAX/WINIMASIK,2007,"2,067",1.00,"2,067",1.00,"2,067",1.00,"2,067","2,094",22.1%,"4,161","7,396",78.2%,"9,463",1.00,5.00,5.00,Damdochax,[LOOKUP CU],Sockeye Model,03
SX_L-24-02,SX,DAMDOCHAX/WINIMASIK,2008,"2,000",1.00,"2,000",1.00,"2,000",1.00,"2,000","1,183",31.2%,"3,183","1,797",47.3%,"3,797",1.00,5.00,5.00,Damdochax,[LOOKUP CU],Sockeye Model,03
SX_L-24-02,SX,DAMDOCHAX/WINIMASIK,2009,"1,716",1.00,"1,716",1.00,"1,716",1.00,"1,716","1,009",24.3%,"2,725","2,444",58.8%,"4,160",1.00,5.00,5.00,Damdochax,[LOOKUP CU],Sockeye Model,03
SX_L-24-02,SX,DAMDOCHAX/WINIMASIK,2010,"1,970",1.00,"1,970",1.00,"1,970",1.00,"1,970","1,048",30.5%,"3,018","1,471",42.7%,"3,441",1.00,5.00,5.00,Damdochax,[LOOKUP CU],Sockeye Model,03
SX_L-24-02,SX,DAMDOCHAX/WINIMASIK,2011,"2,996",1.00,"2,996",1.00,"2,996",1.00,"2,996","1,967",31.9%,"4,963","3,163",51.4%,"6,159",1.00,5.00,5.00,Damdochax,[LOOKUP CU],Sockeye Model,03
SX_L-24-02,SX,DAMDOCHAX/WINIMASIK,2012,"1,915",1.00,"1,915",1.00,"1,915",1.00,"1,915","1,814",43.3%,"3,729","2,269",54.2%,"4,184",1.00,5.00,5.00,Damdochax,[LOOKUP CU],Sockeye Model,03
SX_L-24-02,SX,DAMDOCHAX/WINIMASIK,2013,"2,300",1.00,"2,300",1.00,"2,300",1.00,"2,300","2,226",41.3%,"4,526","3,086",57.3%,"5,386",1.00,5.00,5.00,Damdochax,[LOOKUP CU],Sockeye Model,03
SX_L-24-02,SX,DAMDOCHAX/WINIMASIK,2014,"4,549",1.00,"4,549",1.00,"4,549",1.00,"4,549","2,877",32.8%,"7,426","4,230",48.2%,"8,779",1.00,5.00,5.00,Damdochax,[LOOKUP CU],Sockeye Model,03
SX_L-24-02,SX,DAMDOCHAX/WINIMASIK,2015,"4,117",1.00,"4,117",1.00,"4,117",1.00,"4,117","4,240",42.2%,"8,357","5,939",59.1%,"10,056",1.00,5.00,5.00,Damdochax,[LOOKUP CU],Sockeye Model,03
SX_L-24-02,SX,DAMDOCHAX/WINIMASIK,2016,"3,548",1.00,"3,548",1.00,"3,548",1.00,"3,548",941,16.1%,"4,489","2,311",39.4%,"5,859",1.00,5.00,5.00,Damdochax,[LOOKUP CU],Sockeye Model,03
SX_L-24-02,SX,DAMDOCHAX/WINIMASIK,2017,"2,140",1.00,"2,140",1.00,"2,140",1.00,"2,140",724,23.0%,"2,864","1,001",31.9%,"3,141",1.00,5.00,5.00,Damdochax,[LOOKUP CU],Sockeye Model,03
SX_L-24-02,SX,DAMDOCHAX/WINIMASIK,2018,"4,675",1.00,"4,675",1.00,"4,675",1.00,"4,675","1,349",20.5%,"6,024","1,913",29.0%,"6,588",1.00,5.00,5.00,Damdochax,[LOOKUP CU],Sockeye Model,03
SX_L-24-02,SX,DAMDOCHAX/WINIMASIK,2019,"1,777",1.00,"1,777",1.00,"1,777",1.00,"1,777",480,16.7%,"2,257","1,103",38.3%,"2,880",1.00,5.00,5.00,Damdochax,[LOOKUP CU],Sockeye Model,03
SX_L-24-02,SX,DAMDOCHAX/WINIMASIK,2020,"4,883",1.00,"4,883",1.00,"4,883",1.00,"4,883","1,110",15.9%,"5,993","2,079",29.9%,"6,962",1.00,5.00,5.00,Damdochax,[LOOKUP CU],Sockeye Model,03
SX_L-24-02,SX,DAMDOCHAX/WINIMASIK,2021,"11,058",1.00,"11,058",1.00,"11,058",1.00,"11,058","2,044",11.7%,"13,102","6,379",36.6%,"17,437",1.00,5.00,5.00,Damdochax,[LOOKUP CU],Sockeye Model,03
SX_L-24-02,SX,DAMDOCHAX/WINIMASIK,2022,"21,051",1.00,"21,051",1.00,"21,051",1.00,"21,051","3,571",11.6%,"24,622","9,665",31.5%,"30,716",1.00,5.00,5.00,Damdochax,[LOOKUP CU],Sockeye Model,03
SX_L-24-02,SX,DAMDOCHAX/WINIMASIK,2023,"11,315",1.00,"11,315",1.00,"11,315",1.00,"11,315","2,011",12.1%,"13,326","5,253",31.7%,"16,568",1.00,5.00,5.00,Damdochax,[LOOKUP CU],Sockeye Model,03
SX_L-24-03,SX,Fred Wright,1982,"20,000",1.00,"20,000",1.00,"20,000",1.00,"20,000","25,618",44.4%,"45,618","37,664",65.3%,"57,664",2.00,5.00,5.00,Kwinagees,[LOOKUP CU],Sockeye Model,03
SX_L-24-03,SX,Fred Wright,1983,"2,000",1.00,"2,000",1.00,"2,000",1.00,"2,000","3,273",49.7%,"5,273","4,587",69.6%,"6,587",2.00,5.00,5.00,Kwinagees,[LOOKUP CU],Sockeye Model,03
SX_L-24-03,SX,Fred Wright,1984,"6,000",1.00,"6,000",1.00,"6,000",1.00,"6,000","6,146",38.5%,"12,146","9,957",62.4%,"15,957",2.00,5.00,5.00,Kwinagees,[LOOKUP CU],Sockeye Model,03
SX_L-24-03,SX,Fred Wright,1985,"15,000",1.00,"15,000",1.00,"15,000",1.00,"15,000","11,200",34.8%,"26,200","17,187",53.4%,"32,187",2.00,5.00,5.00,Kwinagees,[LOOKUP CU],Sockeye Model,03
SX_L-24-03,SX,Fred Wright,1986,"25,000",1.00,"25,000",1.00,"25,000",1.00,"25,000","22,653",28.7%,"47,653","53,895",68.3%,"78,895",2.00,5.00,5.00,Kwinagees,[LOOKUP CU],Sockeye Model,03
SX_L-24-03,SX,Fred Wright,1987,"7,500",1.00,"7,500",1.00,"7,500",1.00,"7,500","7,807",37.4%,"15,307","13,374",64.1%,"20,874",2.00,5.00,5.00,Kwinagees,[LOOKUP CU],Sockeye Model,03
SX_L-24-03,SX,Fred Wright,1988,"2,500",1.00,"2,500",1.00,"2,500",1.00,"2,500","2,151",29.5%,"4,651","4,793",65.7%,"7,293",2.00,5.00,5.00,Kwinagees,[LOOKUP CU],Sockeye Model,03
SX_L-24-03,SX,Fred Wright,1989,"15,000",1.00,"15,000",1.00,"15,000",1.00,"15,000","28,493",43.4%,"43,493","50,621",77.1%,"65,621",2.00,5.00,5.00,Kwinagees,[LOOKUP CU],Sockeye Model,03
SX_L-24-03,SX,Fred Wright,1990,"14,000",1.00,"14,000",1.00,"14,000",1.00,"14,000","9,002",22.8%,"23,002","25,516",64.6%,"39,516",2.00,5.00,5.00,Kwinagees,[LOOKUP CU],Sockeye Model,03
SX_L-24-03,SX,Fred Wright,1991,"2,000",1.00,"2,000",1.00,"2,000",1.00,"2,000","3,386",50.0%,"5,386","4,769",70.5%,"6,769",2.00,5.00,5.00,Kwinagees,[LOOKUP CU],Sockeye Model,03
SX_L-24-03,SX,Fred Wright,1992,"5,000",1.00,"5,000",1.00,"5,000",1.00,"5,000","8,410",51.9%,"13,410","11,213",69.2%,"16,213",2.00,5.00,5.00,Kwinagees,[LOOKUP CU],Sockeye Model,03
SX_L-24-03,SX,Fred Wright,1993,"12,000",1.00,"12,000",1.00,"12,000",1.00,"12,000","34,418",57.3%,"46,418","48,103",80.0%,"60,103",2.00,5.00,5.00,Kwinagees,[LOOKUP CU],Sockeye Model,03
SX_L-24-03,SX,Fred Wright,1994,"2,375",1.00,"2,375",1.00,"2,375",1.00,"2,375","2,526",33.8%,"4,901","5,098",68.2%,"7,473",2.00,5.00,5.00,Kwinagees,[LOOKUP CU],Sockeye Model,03
SX_L-24-03,SX,Fred Wright,1995,"1,125",1.00,"1,125",1.00,"1,125",1.00,"1,125","4,621",61.4%,"5,746","6,407",85.1%,"7,532",2.00,5.00,5.00,Kwinagees,[LOOKUP CU],Sockeye Model,03
SX_L-24-03,SX,Fred Wright,1996,"1,000",1.00,"1,000",1.00,"1,000",1.00,"1,000","2,815",52.4%,"3,815","4,374",81.4%,"5,374",2.00,5.00,5.00,Kwinagees,[LOOKUP CU],Sockeye Model,03
SX_L-24-03,SX,Fred Wright,1997,"9,000",1.00,"9,000",1.00,"9,000",1.00,"9,000","15,551",33.1%,"24,551","37,960",80.8%,"46,960",2.00,5.00,5.00,Kwinagees,[LOOKUP CU],Sockeye Model,03
SX_L-24-03,SX,Fred Wright,1998,"3,500",1.00,"3,500",1.00,"3,500",1.00,"3,500","1,802",22.7%,"5,302","4,422",55.8%,"7,922",2.00,5.00,5.00,Kwinagees,[LOOKUP CU],Sockeye Model,03
SX_L-24-03,SX,Fred Wright,1999,"13,000",1.00,"13,000",1.00,"13,000",1.00,"13,000","27,774",52.4%,"40,774","40,050",75.5%,"53,050",2.00,5.00,5.00,Kwinagees,[LOOKUP CU],Sockeye Model,03
SX_L-24-03,SX,Fred Wright,2000,500,1.00,500,1.00,500,1.00,500,"1,068",56.8%,"1,568","1,381",73.4%,"1,881",2.00,5.00,5.00,Kwinagees,[LOOKUP CU],Sockeye Model,03
SX_L-24-03,SX,Fred Wright,2001,"1,408",1.00,"1,408",1.00,"1,408",1.00,"1,408","1,566",33.3%,"2,974","3,292",70.0%,"4,700",2.00,5.00,5.00,Kwinagees,[LOOKUP CU],Sockeye Model,03
SX_L-24-03,SX,Fred Wright,2002,"5,887",1.00,"5,887",1.00,"5,887",1.00,"5,887","15,403",65.4%,"21,290","17,649",75.0%,"23,536",2.00,5.00,5.00,Kwinagees,[LOOKUP CU],Sockeye Model,03
SX_L-24-03,SX,Fred Wright,2003,"7,078",1.00,"7,078",1.00,"7,078",1.00,"7,078","17,279",63.1%,"24,357","20,289",74.1%,"27,367",2.00,5.00,5.00,Kwinagees,[LOOKUP CU],Sockeye Model,03
SX_L-24-03,SX,Fred Wright,2004,800,1.00,800,1.00,800,1.00,800,"1,543",47.4%,"2,343","2,455",75.4%,"3,255",2.00,5.00,5.00,Kwinagees,[LOOKUP CU],Sockeye Model,03
SX_L-24-03,SX,Fred Wright,2005,"4,235",1.00,"4,235",1.00,"4,235",1.00,"4,235","4,570",39.2%,"8,805","7,431",63.7%,"11,666",2.00,5.00,5.00,Kwinagees,[LOOKUP CU],Sockeye Model,03
SX_L-24-03,SX,Fred Wright,2006,"5,287",1.00,"5,287",1.00,"5,287",1.00,"5,287","6,608",42.6%,"11,895","10,229",65.9%,"15,517",2.00,5.00,5.00,Kwinagees,[LOOKUP CU],Sockeye Model,03
SX_L-24-03,SX,Fred Wright,2007,"5,665",1.00,"5,665",1.00,"5,665",1.00,"5,665","5,678",34.8%,"11,343","10,659",65.3%,"16,324",2.00,5.00,5.00,Kwinagees,[LOOKUP CU],Sockeye Model,03
SX_L-24-03,SX,Fred Wright,2008,"5,531",1.00,"5,531",1.00,"5,531",1.00,"5,531","3,336",33.2%,"8,867","4,520",45.0%,"10,051",2.00,5.00,5.00,Kwinagees,[LOOKUP CU],Sockeye Model,03
SX_L-24-03,SX,Fred Wright,2009,"6,231",1.00,"6,231",1.00,"6,231",1.00,"6,231","4,557",30.6%,"10,788","8,651",58.1%,"14,882",2.00,5.00,5.00,Kwinagees,[LOOKUP CU],Sockeye Model,03
SX_L-24-03,SX,Fred Wright,2010,"5,771",1.00,"5,771",1.00,"5,771",1.00,"5,771","2,760",28.2%,"8,531","4,027",41.1%,"9,798",2.00,5.00,5.00,Kwinagees,[LOOKUP CU],Sockeye Model,03
SX_L-24-03,SX,Fred Wright,2011,"10,273",1.00,"10,273",1.00,"10,273",1.00,"10,273","6,806",31.9%,"17,079","11,065",51.9%,"21,338",2.00,5.00,5.00,Kwinagees,[LOOKUP CU],Sockeye Model,03
SX_L-24-03,SX,Fred Wright,2012,"3,688",1.00,"3,688",1.00,"3,688",1.00,"3,688","3,273",42.2%,"6,961","4,075",52.5%,"7,763",2.00,5.00,5.00,Kwinagees,[LOOKUP CU],Sockeye Model,03
SX_L-24-03,SX,Fred Wright,2013,397,1.00,397,1.00,397,1.00,397,359,39.3%,756,516,56.5%,913,2.00,5.00,5.00,Kwinagees,[LOOKUP CU],Sockeye Model,03
SX_L-24-03,SX,Fred Wright,2014,438,1.00,438,1.00,438,1.00,438,250,30.6%,688,382,46.6%,820,2.00,5.00,5.00,Kwinagees,[LOOKUP CU],Sockeye Model,03
SX_L-24-03,SX,Fred Wright,2015,"7,044",1.00,"7,044",1.00,"7,044",1.00,"7,044","7,177",40.9%,"14,221","10,489",59.8%,"17,533",2.00,5.00,5.00,Kwinagees,[LOOKUP CU],Sockeye Model,03
SX_L-24-03,SX,Fred Wright,2016,"19,797",1.00,"19,797",1.00,"19,797",1.00,"19,797","5,105",15.3%,"24,902","13,570",40.7%,"33,367",2.00,5.00,5.00,Kwinagees,[LOOKUP CU],Sockeye Model,03
SX_L-24-03,SX,Fred Wright,2017,"7,240",1.00,"7,240",1.00,"7,240",1.00,"7,240","2,375",22.3%,"9,615","3,391",31.9%,"10,631",2.00,5.00,5.00,Kwinagees,[LOOKUP CU],Sockeye Model,03
SX_L-24-03,SX,Fred Wright,2018,290,1.00,290,1.00,290,1.00,290,84,20.3%,374,123,29.8%,413,2.00,5.00,5.00,Kwinagees,[LOOKUP CU],Sockeye Model,03
SX_L-24-03,SX,Fred Wright,2019,"6,007",1.00,"6,007",1.00,"6,007",1.00,"6,007","1,555",15.7%,"7,562","3,895",39.3%,"9,902",2.00,5.00,5.00,Kwinagees,[LOOKUP CU],Sockeye Model,03
SX_L-24-03,SX,Fred Wright,2020,"3,256",1.00,"3,256",1.00,"3,256",1.00,"3,256",741,15.5%,"3,997","1,514",31.7%,"4,770",2.00,5.00,5.00,Kwinagees,[LOOKUP CU],Sockeye Model,03
SX_L-24-03,SX,Fred Wright,2021,"8,441",1.00,"8,441",1.00,"8,441",1.00,"8,441","1,561",11.1%,"10,002","5,583",39.8%,"14,024",2.00,5.00,5.00,Kwinagees,[LOOKUP CU],Sockeye Model,03
SX_L-24-03,SX,Fred Wright,2022,"5,099",1.00,"5,099",1.00,"5,099",1.00,"5,099",861,11.2%,"5,960","2,569",33.5%,"7,668",2.00,5.00,5.00,Kwinagees,[LOOKUP CU],Sockeye Model,03
SX_L-24-03,SX,Fred Wright,2023,"8,490",1.00,"8,490",1.00,"8,490",1.00,"8,490","1,495",11.8%,"9,985","4,167",32.9%,"12,657",2.00,5.00,5.00,Kwinagees,[LOOKUP CU],Sockeye Model,03
SX_L-24-05,SX,Meziadin,1982,"250,000",1.00,"250,000",1.00,"250,000",1.00,"250,000","286,424",44.7%,"536,424","390,853",61.0%,"640,853",5.00,5.00,5.00,"Hanna-Tin,MezBeach,Strohn",[LOOKUP CU],Sockeye Model,03
SX_L-24-05,SX,Meziadin,1983,"170,000",1.00,"170,000",1.00,"170,000",1.00,"170,000","183,287",37.6%,"353,287","317,256",65.1%,"487,256",5.00,5.00,5.00,"Hanna-Tin,MezBeach,Strohn",[LOOKUP CU],Sockeye Model,03
SX_L-24-05,SX,Meziadin,1984,"140,000",1.00,"140,000",1.00,"140,000",1.00,"140,000","128,115",35.4%,"268,115","221,606",61.3%,"361,606",5.00,5.00,5.00,"Hanna-Tin,MezBeach,Strohn",[LOOKUP CU],Sockeye Model,03
SX_L-24-05,SX,Meziadin,1985,"288,663",1.00,"288,663",1.00,"288,663",1.00,"288,663","160,538",28.0%,"449,201","284,018",49.6%,"572,681",5.00,5.00,5.00,"Hanna-Tin,MezBeach,Strohn",[LOOKUP CU],Sockeye Model,03
SX_L-24-05,SX,Meziadin,1986,"115,543",1.00,"115,543",1.00,"115,543",1.00,"115,543","72,859",23.0%,"188,402","200,999",63.5%,"316,542",5.00,5.00,5.00,"Hanna-Tin,MezBeach,Strohn",[LOOKUP CU],Sockeye Model,03
SX_L-24-05,SX,Meziadin,1987,"143,989",1.00,"143,989",1.00,"143,989",1.00,"143,989","119,826",33.7%,"263,815","211,064",59.4%,"355,053",5.00,5.00,5.00,"Hanna-Tin,MezBeach,Strohn",[LOOKUP CU],Sockeye Model,03
SX_L-24-05,SX,Meziadin,1988,"116,984",1.00,"116,984",1.00,"116,984",1.00,"116,984","71,717",24.8%,"188,701","172,483",59.6%,"289,467",5.00,5.00,5.00,"Hanna-Tin,MezBeach,Strohn",[LOOKUP CU],Sockeye Model,03
SX_L-24-05,SX,Meziadin,1989,"50,000",1.00,"50,000",1.00,"50,000",1.00,"50,000","63,691",35.6%,"113,691","129,075",72.1%,"179,075",5.00,5.00,5.00,"Hanna-Tin,MezBeach,Strohn",[LOOKUP CU],Sockeye Model,03
SX_L-24-05,SX,Meziadin,1990,"120,954",1.00,"120,954",1.00,"120,954",1.00,"120,954","67,985",23.1%,"188,939","172,812",58.8%,"293,766",5.00,5.00,5.00,"Hanna-Tin,MezBeach,Strohn",[LOOKUP CU],Sockeye Model,03
SX_L-24-05,SX,Meziadin,1991,"250,000",1.00,"250,000",1.00,"250,000",1.00,"250,000","322,611",42.8%,"572,611","503,898",66.8%,"753,898",5.00,5.00,5.00,"Hanna-Tin,MezBeach,Strohn",[LOOKUP CU],Sockeye Model,03
SX_L-24-05,SX,Meziadin,1992,"592,118",1.00,"592,118",1.00,"592,118",1.00,"592,118","760,296",45.2%,"1,352,414","1,089,902",64.8%,"1,682,020",5.00,5.00,5.00,"Hanna-Tin,MezBeach,Strohn",[LOOKUP CU],Sockeye Model,03
SX_L-24-05,SX,Meziadin,1993,"400,000",1.00,"400,000",1.00,"400,000",1.00,"400,000","737,177",47.8%,"1,137,177","1,142,703",74.1%,"1,542,703",5.00,5.00,5.00,"Hanna-Tin,MezBeach,Strohn",[LOOKUP CU],Sockeye Model,03
SX_L-24-05,SX,Meziadin,1994,"158,010",1.00,"158,010",1.00,"158,010",1.00,"158,010","140,804",33.5%,"298,814","262,515",62.4%,"420,525",5.00,5.00,5.00,"Hanna-Tin,MezBeach,Strohn",[LOOKUP CU],Sockeye Model,03
SX_L-24-05,SX,Meziadin,1995,"205,853",1.00,"205,853",1.00,"205,853",1.00,"205,853","418,712",49.3%,"624,565","643,801",75.8%,"849,654",5.00,5.00,5.00,"Hanna-Tin,MezBeach,Strohn",[LOOKUP CU],Sockeye Model,03
SX_L-24-05,SX,Meziadin,1996,"182,082",1.00,"182,082",1.00,"182,082",1.00,"182,082","367,896",44.5%,"549,978","645,115",78.0%,"827,197",5.00,5.00,5.00,"Hanna-Tin,MezBeach,Strohn",[LOOKUP CU],Sockeye Model,03
SX_L-24-05,SX,Meziadin,1997,"158,687",1.00,"158,687",1.00,"158,687",1.00,"158,687","193,129",33.7%,"351,816","414,578",72.3%,"573,265",5.00,5.00,5.00,"Hanna-Tin,MezBeach,Strohn",[LOOKUP CU],Sockeye Model,03
SX_L-24-05,SX,Meziadin,1998,"163,925",1.00,"163,925",1.00,"163,925",1.00,"163,925","115,289",26.3%,"279,214","274,485",62.6%,"438,410",5.00,5.00,5.00,"Hanna-Tin,MezBeach,Strohn",[LOOKUP CU],Sockeye Model,03
SX_L-24-05,SX,Meziadin,1999,"180,350",1.00,"180,350",1.00,"180,350",1.00,"180,350","369,862",51.4%,"550,212","538,785",74.9%,"719,135",5.00,5.00,5.00,"Hanna-Tin,MezBeach,Strohn",[LOOKUP CU],Sockeye Model,03
SX_L-24-05,SX,Meziadin,2000,"137,042",1.00,"137,042",1.00,"137,042",1.00,"137,042","218,636",53.5%,"355,678","271,400",66.4%,"408,442",5.00,5.00,5.00,"Hanna-Tin,MezBeach,Strohn",[LOOKUP CU],Sockeye Model,03
SX_L-24-05,SX,Meziadin,2001,"116,192",1.00,"116,192",1.00,"116,192",1.00,"116,192","146,209",36.7%,"262,401","282,313",70.8%,"398,505",5.00,5.00,5.00,"Hanna-Tin,MezBeach,Strohn",[LOOKUP CU],Sockeye Model,03
SX_L-24-05,SX,Meziadin,2002,"332,442",1.00,"332,442",1.00,"332,442",1.00,"332,442","706,044",62.0%,"1,038,486","806,826",70.8%,"1,139,268",5.00,5.00,5.00,"Hanna-Tin,MezBeach,Strohn",[LOOKUP CU],Sockeye Model,03
SX_L-24-05,SX,Meziadin,2003,"196,852",1.00,"196,852",1.00,"196,852",1.00,"196,852","594,440",65.7%,"791,292","707,844",78.2%,"904,696",5.00,5.00,5.00,"Hanna-Tin,MezBeach,Strohn",[LOOKUP CU],Sockeye Model,03
SX_L-24-05,SX,Meziadin,2004,"140,923",1.00,"140,923",1.00,"140,923",1.00,"140,923","316,280",48.7%,"457,203","508,562",78.3%,"649,485",5.00,5.00,5.00,"Hanna-Tin,MezBeach,Strohn",[LOOKUP CU],Sockeye Model,03
SX_L-24-05,SX,Meziadin,2005,"142,858",1.00,"142,858",1.00,"142,858",1.00,"142,858","195,360",45.6%,"338,218","285,181",66.6%,"428,039",5.00,5.00,5.00,"Hanna-Tin,MezBeach,Strohn",[LOOKUP CU],Sockeye Model,03
SX_L-24-05,SX,Meziadin,2006,"146,954",1.00,"146,954",1.00,"146,954",1.00,"146,954","229,353",50.6%,"376,307","306,692",67.6%,"453,646",5.00,5.00,5.00,"Hanna-Tin,MezBeach,Strohn",[LOOKUP CU],Sockeye Model,03
SX_L-24-05,SX,Meziadin,2007,"104,308",1.00,"104,308",1.00,"104,308",1.00,"104,308","118,457",30.5%,"222,765","284,115",73.1%,"388,423",5.00,5.00,5.00,"Hanna-Tin,MezBeach,Strohn",[LOOKUP CU],Sockeye Model,03
SX_L-24-05,SX,Meziadin,2008,"150,383",1.00,"150,383",1.00,"150,383",1.00,"150,383","77,221",29.8%,"227,604","109,124",42.1%,"259,507",5.00,5.00,5.00,"Hanna-Tin,MezBeach,Strohn",[LOOKUP CU],Sockeye Model,03
SX_L-24-05,SX,Meziadin,2009,"168,404",1.00,"168,404",1.00,"168,404",1.00,"168,404","122,074",30.7%,"290,478","228,879",57.6%,"397,283",5.00,5.00,5.00,"Hanna-Tin,MezBeach,Strohn",[LOOKUP CU],Sockeye Model,03
SX_L-24-05,SX,Meziadin,2010,"159,120",1.00,"159,120",1.00,"159,120",1.00,"159,120","116,598",38.0%,"275,718","148,011",48.2%,"307,131",5.00,5.00,5.00,"Hanna-Tin,MezBeach,Strohn",[LOOKUP CU],Sockeye Model,03
SX_L-24-05,SX,Meziadin,2011,"167,524",1.00,"167,524",1.00,"167,524",1.00,"167,524","107,705",32.2%,"275,229","166,606",49.9%,"334,130",5.00,5.00,5.00,"Hanna-Tin,MezBeach,Strohn",[LOOKUP CU],Sockeye Model,03
SX_L-24-05,SX,Meziadin,2012,"144,923",1.00,"144,923",1.00,"144,923",1.00,"144,923","152,412",44.9%,"297,335","194,193",57.3%,"339,116",5.00,5.00,5.00,"Hanna-Tin,MezBeach,Strohn",[LOOKUP CU],Sockeye Model,03
SX_L-24-05,SX,Meziadin,2013,"170,376",1.00,"170,376",1.00,"170,376",1.00,"170,376","182,431",44.8%,"352,807","237,107",58.2%,"407,483",5.00,5.00,5.00,"Hanna-Tin,MezBeach,Strohn",[LOOKUP CU],Sockeye Model,03
SX_L-24-05,SX,Meziadin,2014,"144,874",1.00,"144,874",1.00,"144,874",1.00,"144,874","127,128",41.3%,"272,002","163,037",52.9%,"307,911",5.00,5.00,5.00,"Hanna-Tin,MezBeach,Strohn",[LOOKUP CU],Sockeye Model,03
SX_L-24-05,SX,Meziadin,2015,"185,760",1.00,"185,760",1.00,"185,760",1.00,"185,760","173,023",41.8%,"358,783","228,446",55.2%,"414,206",5.00,5.00,5.00,"Hanna-Tin,MezBeach,Strohn",[LOOKUP CU],Sockeye Model,03
SX_L-24-05,SX,Meziadin,2016,"109,868",1.00,"109,868",1.00,"109,868",1.00,"109,868","35,081",20.2%,"144,949","64,135",36.9%,"174,003",5.00,5.00,5.00,"Hanna-Tin,MezBeach,Strohn",[LOOKUP CU],Sockeye Model,03
SX_L-24-05,SX,Meziadin,2017,"119,088",1.00,"119,088",1.00,"119,088",1.00,"119,088","62,140",31.7%,"181,228","76,664",39.2%,"195,752",5.00,5.00,5.00,"Hanna-Tin,MezBeach,Strohn",[LOOKUP CU],Sockeye Model,03
SX_L-24-05,SX,Meziadin,2018,"96,827",1.00,"96,827",1.00,"96,827",1.00,"96,827","29,583",21.6%,"126,410","40,390",29.4%,"137,217",5.00,5.00,5.00,"Hanna-Tin,MezBeach,Strohn",[LOOKUP CU],Sockeye Model,03
SX_L-24-05,SX,Meziadin,2019,"87,998",1.00,"87,998",1.00,"87,998",1.00,"87,998","28,330",20.6%,"116,328","49,731",36.1%,"137,729",5.00,5.00,5.00,"Hanna-Tin,MezBeach,Strohn",[LOOKUP CU],Sockeye Model,03
SX_L-24-05,SX,Meziadin,2020,"126,468",1.00,"126,468",1.00,"126,468",1.00,"126,468","28,849",16.8%,"155,317","45,468",26.4%,"171,936",5.00,5.00,5.00,"Hanna-Tin,MezBeach,Strohn",[LOOKUP CU],Sockeye Model,03
SX_L-24-05,SX,Meziadin,2021,"273,955",1.00,"273,955",1.00,"273,955",1.00,"273,955","50,276",12.8%,"324,231","117,765",30.1%,"391,720",5.00,5.00,5.00,"Hanna-Tin,MezBeach,Strohn",[LOOKUP CU],Sockeye Model,03
SX_L-24-05,SX,Meziadin,2022,"343,765",1.00,"343,765",1.00,"343,765",1.00,"343,765","57,789",12.0%,"401,554","137,250",28.5%,"481,015",5.00,5.00,5.00,"Hanna-Tin,MezBeach,Strohn",[LOOKUP CU],Sockeye Model,03
SX_L-24-05,SX,Meziadin,2023,"408,462",1.00,"408,462",1.00,"408,462",1.00,"408,462","69,363",12.3%,"477,825","154,300",27.4%,"562,762",5.00,5.00,5.00,"Hanna-Tin,MezBeach,Strohn",[LOOKUP CU],Sockeye Model,03
SX_R20,SX,Lower Nass-Portland,1982,"1,000",1.00,"1,000",1.35,"1,347",2.00,"2,694","2,786",45.9%,"5,480","3,370",55.6%,"6,065",3.00,5.00,3.71,Gingit+,[LOOKUP CU],Sockeye Model,03
SX_R20,SX,Lower Nass-Portland,1983,"2,000",1.00,"2,000",1.35,"2,694",2.00,"5,389","1,680",20.4%,"7,069","2,828",34.4%,"8,217",3.00,5.00,3.71,Gingit+,[LOOKUP CU],Sockeye Model,03
SX_R20,SX,Lower Nass-Portland,1984,"5,800",1.00,"5,800",1.35,"7,814",2.00,"15,628","7,707",29.3%,"23,335","10,653",40.5%,"26,281",3.00,5.00,3.71,Gingit+,[LOOKUP CU],Sockeye Model,03
SX_R20,SX,Lower Nass-Portland,1985,"6,000",1.00,"6,000",1.35,"8,083",2.00,"16,167","4,185",17.7%,"20,352","7,545",31.8%,"23,712",3.00,5.00,3.71,Gingit+,[LOOKUP CU],Sockeye Model,03
SX_R20,SX,Lower Nass-Portland,1986,"1,000",1.00,"1,000",1.35,"1,347",2.00,"2,694",938,20.8%,"3,633","1,822",40.3%,"4,516",3.00,5.00,3.71,Gingit+,[LOOKUP CU],Sockeye Model,03
SX_R20,SX,Lower Nass-Portland,1987,"1,000",1.00,"1,000",1.35,"1,347",2.00,"2,694",848,20.0%,"3,543","1,540",36.4%,"4,234",3.00,5.00,3.71,Gingit+,[LOOKUP CU],Sockeye Model,03
SX_R20,SX,Lower Nass-Portland,1988,"1,000",1.00,"1,000",1.35,"1,347",2.00,"2,694",956,19.2%,"3,650","2,277",45.8%,"4,972",3.00,5.00,3.71,Gingit+,[LOOKUP CU],Sockeye Model,03
SX_R20,SX,Lower Nass-Portland,1989,"1,300",1.00,"1,300",1.35,"1,751",2.00,"3,503","2,205",30.4%,"5,708","3,756",51.7%,"7,258",3.00,5.00,3.71,Gingit+,[LOOKUP CU],Sockeye Model,03
SX_R20,SX,Lower Nass-Portland,1990,530,1.00,530,1.35,714,2.00,"1,428",446,18.4%,"1,874",994,41.0%,"2,422",3.00,5.00,3.71,Gingit+,[LOOKUP CU],Sockeye Model,03
SX_R20,SX,Lower Nass-Portland,1991,530,1.00,530,1.35,714,2.00,"1,428",916,34.2%,"2,344","1,253",46.7%,"2,681",3.00,5.00,3.71,Gingit+,[LOOKUP CU],Sockeye Model,03
SX_R20,SX,Lower Nass-Portland,1992,300,1.00,300,1.35,404,2.00,808,576,37.2%,"1,384",741,47.8%,"1,549",3.00,5.00,3.71,Gingit+,[LOOKUP CU],Sockeye Model,03
SX_R20,SX,Lower Nass-Portland,1993,400,1.00,400,1.35,539,2.00,"1,078","1,091",38.5%,"2,169","1,755",62.0%,"2,833",3.00,5.00,3.71,Gingit+,[LOOKUP CU],Sockeye Model,03
SX_R20,SX,Lower Nass-Portland,1994,"2,628",1.00,"2,628",1.35,"3,540",2.00,"7,080","5,414",34.0%,"12,494","8,826",55.5%,"15,906",3.00,5.00,3.71,Gingit+,[LOOKUP CU],Sockeye Model,03
SX_R20,SX,Lower Nass-Portland,1995,"1,800",1.00,"1,800",1.35,"2,425",2.00,"4,850","5,685",45.2%,"10,535","7,733",61.5%,"12,583",3.00,5.00,3.71,Gingit+,[LOOKUP CU],Sockeye Model,03
SX_R20,SX,Lower Nass-Portland,1996,"1,370",1.00,"1,370",1.35,"1,846",2.00,"3,692","4,851",44.3%,"8,543","7,269",66.3%,"10,960",3.00,5.00,3.71,Gingit+,[LOOKUP CU],Sockeye Model,03
SX_R20,SX,Lower Nass-Portland,1997,"5,731",1.00,"5,731",1.35,"7,721",2.00,"15,443","16,897",36.0%,"32,340","31,536",67.1%,"46,979",3.00,5.00,3.71,Gingit+,[LOOKUP CU],Sockeye Model,03
SX_R20,SX,Lower Nass-Portland,1998,"3,868",1.00,"3,868",1.35,"5,211",2.00,"10,423","8,740",36.2%,"19,163","13,700",56.8%,"24,122",3.00,5.00,3.71,Gingit+,[LOOKUP CU],Sockeye Model,03
SX_R20,SX,Lower Nass-Portland,1999,"3,074",1.00,"3,074",1.35,"4,142",2.00,"8,283","15,626",54.2%,"23,910","20,537",71.3%,"28,821",3.00,5.00,3.71,Gingit+,[LOOKUP CU],Sockeye Model,03
SX_R20,SX,Lower Nass-Portland,2000,930,1.00,930,1.35,"1,253",2.00,"2,506","3,418",53.3%,"5,924","3,902",60.9%,"6,408",3.00,5.00,3.71,Gingit+,[LOOKUP CU],Sockeye Model,03
SX_R20,SX,Lower Nass-Portland,2001,"2,072",1.00,"2,072",1.35,"2,791",2.00,"5,582","7,149",41.7%,"12,731","11,576",67.5%,"17,158",3.00,5.00,3.71,Gingit+,[LOOKUP CU],Sockeye Model,03
SX_R20,SX,Lower Nass-Portland,2002,333,1.00,333,1.35,449,2.00,897,"1,782",61.4%,"2,679","2,004",69.1%,"2,901",3.00,5.00,3.71,Gingit+,[LOOKUP CU],Sockeye Model,03
SX_R20,SX,Lower Nass-Portland,2003,"2,172",1.00,"2,172",1.35,"2,926",2.00,"5,852","21,247",72.1%,"27,099","23,616",80.1%,"29,468",3.00,5.00,3.71,Gingit+,[LOOKUP CU],Sockeye Model,03
SX_R20,SX,Lower Nass-Portland,2004,851,1.00,851,1.35,"1,146",2.00,"2,293","6,161",59.0%,"8,454","8,146",78.0%,"10,439",3.00,5.00,3.71,Gingit+,[LOOKUP CU],Sockeye Model,03
SX_R20,SX,Lower Nass-Portland,2005,"2,619",1.00,"2,619",1.35,"3,528",2.00,"7,057","12,016",52.7%,"19,072","15,746",69.1%,"22,803",3.00,5.00,3.71,Gingit+,[LOOKUP CU],Sockeye Model,03
SX_R20,SX,Lower Nass-Portland,2006,"1,040",1.00,"1,040",1.35,"1,401",2.00,"2,802","5,484",58.5%,"8,286","6,577",70.1%,"9,379",3.00,5.00,3.71,Gingit+,[LOOKUP CU],Sockeye Model,03
SX_R20,SX,Lower Nass-Portland,2007,"6,743",1.00,"6,743",1.35,"9,084",2.00,"18,169","22,849",46.5%,"41,018","30,960",63.0%,"49,129",3.00,5.00,3.71,Gingit+,[LOOKUP CU],Sockeye Model,03
SX_R20,SX,Lower Nass-Portland,2008,"4,516",1.00,"4,516",1.35,"6,084",2.00,"12,168","5,478",28.7%,"17,646","6,886",36.1%,"19,054",3.00,5.00,3.71,Gingit+,[LOOKUP CU],Sockeye Model,03
SX_R20,SX,Lower Nass-Portland,2009,"6,491",1.00,"6,491",1.35,"8,745",2.00,"17,490","14,626",37.9%,"32,116","21,130",54.7%,"38,619",3.00,5.00,3.71,Gingit+,[LOOKUP CU],Sockeye Model,03
SX_R20,SX,Lower Nass-Portland,2010,"2,540",1.00,"2,540",1.35,"3,422",1.00,"3,422","3,196",44.8%,"6,618","3,715",52.1%,"7,137",3.00,5.00,3.71,Gingit+,[LOOKUP CU],Sockeye Model,03
SX_R20,SX,Lower Nass-Portland,2011,"12,941",1.00,"12,941",1.35,"17,434",1.00,"17,434","12,658",35.3%,"30,092","18,454",51.4%,"35,887",3.00,5.00,3.71,Gingit+,[LOOKUP CU],Sockeye Model,03
SX_R20,SX,Lower Nass-Portland,2012,"7,381",1.00,"7,381",1.35,"9,943",1.00,"9,943","11,728",47.1%,"21,671","14,943",60.0%,"24,887",3.00,5.00,3.71,Gingit+,[LOOKUP CU],Sockeye Model,03
SX_R20,SX,Lower Nass-Portland,2013,"9,862",1.00,"9,862",1.35,"13,286",1.00,"13,286","15,624",49.3%,"28,911","18,428",58.1%,"31,714",3.00,5.00,3.71,Gingit+,[LOOKUP CU],Sockeye Model,03
SX_R20,SX,Lower Nass-Portland,2014,"7,493",1.00,"7,493",1.35,"10,094",1.00,"10,094","12,091",50.8%,"22,185","13,707",57.6%,"23,801",3.00,5.00,3.71,Gingit+,[LOOKUP CU],Sockeye Model,03
SX_R20,SX,Lower Nass-Portland,2015,"20,228",1.00,"20,228",1.35,"27,252",1.00,"27,252","24,450",45.1%,"51,701","26,914",49.7%,"54,166",3.00,5.00,3.71,Gingit+,[LOOKUP CU],Sockeye Model,03
SX_R20,SX,Lower Nass-Portland,2016,"8,250",1.00,"8,250",1.35,"11,115",1.00,"11,115","4,268",24.9%,"15,383","6,006",35.1%,"17,120",3.00,5.00,3.71,Gingit+,[LOOKUP CU],Sockeye Model,03
SX_R20,SX,Lower Nass-Portland,2017,"5,238",1.00,"5,238",1.35,"7,057",1.00,"7,057","5,003",39.0%,"12,060","5,770",45.0%,"12,827",3.00,5.00,3.71,Gingit+,[LOOKUP CU],Sockeye Model,03
SX_R20,SX,Lower Nass-Portland,2018,"14,812",1.00,"14,812",1.35,"19,955",1.00,"19,955","6,791",24.5%,"26,746","7,764",28.0%,"27,719",3.00,5.00,3.71,Gingit+,[LOOKUP CU],Sockeye Model,03
SX_R20,SX,Lower Nass-Portland,2019,"24,878",1.00,"24,878",1.35,"33,516",1.00,"33,516","13,691",27.7%,"47,208","15,973",32.3%,"49,489",3.00,5.00,3.71,Gingit+,[LOOKUP CU],Sockeye Model,03
SX_R20,SX,Lower Nass-Portland,2020,"7,648",1.00,"7,648",1.35,"10,304",1.00,"10,304","2,356",17.7%,"12,659","3,007",22.6%,"13,310",3.00,5.00,3.71,Gingit+,[LOOKUP CU],Sockeye Model,03
SX_R20,SX,Lower Nass-Portland,2021,"8,399",1.00,"8,399",1.35,"11,315",1.00,"11,315","2,058",14.6%,"13,373","2,822",20.0%,"14,138",3.00,5.00,3.71,Gingit+,[LOOKUP CU],Sockeye Model,03
SX_R20,SX,Lower Nass-Portland,2022,"7,506",1.00,"7,506",1.35,"10,112",1.00,"10,112","1,679",13.2%,"11,791","2,615",20.5%,"12,727",3.00,5.00,3.71,Gingit+,[LOOKUP CU],Sockeye Model,03
SX_R20,SX,Lower Nass-Portland,2023,"7,304",1.00,"7,304",1.35,"9,840",1.00,"9,840","1,588",12.9%,"11,427","2,421",19.7%,"12,261",3.00,5.00,3.71,Gingit+,[LOOKUP CU],Sockeye Model,03
SX_R21,SX,Upper Nass River,1982,500,1.00,500,1.26,632,1.00,632,862,44.9%,"1,494","1,287",67.0%,"1,919",3.00,5.00,3.95,BrownBear-Cran,[LOOKUP CU],Sockeye Model,03
SX_R21,SX,Upper Nass River,1983,300,1.00,300,1.26,379,1.00,379,863,46.8%,"1,243","1,466",79.4%,"1,845",3.00,5.00,3.95,BrownBear-Cran,[LOOKUP CU],Sockeye Model,03
SX_R21,SX,Upper Nass River,1984,175,1.00,175,1.26,221,1.00,221,358,40.2%,580,671,75.2%,892,3.00,5.00,3.95,BrownBear-Cran,[LOOKUP CU],Sockeye Model,03
SX_R21,SX,Upper Nass River,1985,300,1.00,300,1.26,379,1.00,379,404,37.7%,783,691,64.6%,"1,071",3.00,5.00,3.95,BrownBear-Cran,[LOOKUP CU],Sockeye Model,03
SX_R21,SX,Upper Nass River,1986,306,1.00,306,1.26,387,1.00,387,457,24.7%,844,"1,461",79.1%,"1,849",3.00,5.00,3.95,BrownBear-Cran,[LOOKUP CU],Sockeye Model,03
SX_R21,SX,Upper Nass River,1987,301,1.00,301,1.26,381,1.00,381,683,43.7%,"1,064","1,180",75.6%,"1,561",3.00,5.00,3.95,BrownBear-Cran,[LOOKUP CU],Sockeye Model,03
SX_R21,SX,Upper Nass River,1988,224,1.00,224,1.26,283,1.00,283,298,30.2%,581,706,71.4%,989,3.00,5.00,3.95,BrownBear-Cran,[LOOKUP CU],Sockeye Model,03
SX_R21,SX,Upper Nass River,1989,184,1.00,184,1.26,232,1.00,232,653,39.8%,885,"1,407",85.8%,"1,640",3.00,5.00,3.95,BrownBear-Cran,[LOOKUP CU],Sockeye Model,03
SX_R21,SX,Upper Nass River,1990,254,1.00,254,1.95,495,1.00,495,515,27.6%,"1,009","1,367",73.4%,"1,862",3.00,5.00,2.56,BrownBear-Cran,[LOOKUP CU],Sockeye Model,03
SX_R21,SX,Upper Nass River,1991,441,1.00,441,1.95,859,1.00,859,"2,016",48.5%,"2,875","3,302",79.4%,"4,161",3.00,5.00,2.56,BrownBear-Cran,[LOOKUP CU],Sockeye Model,03
SX_R21,SX,Upper Nass River,1992,"1,055",1.00,"1,055",1.95,"2,056",1.00,"2,056","4,485",50.8%,"6,541","6,766",76.7%,"8,822",3.00,5.00,2.56,BrownBear-Cran,[LOOKUP CU],Sockeye Model,03
SX_R21,SX,Upper Nass River,1993,717,1.00,717,1.95,"1,397",1.00,"1,397","4,221",53.2%,"5,618","6,541",82.4%,"7,938",3.00,5.00,2.56,BrownBear-Cran,[LOOKUP CU],Sockeye Model,03
SX_R21,SX,Upper Nass River,1994,288,1.00,288,1.95,562,1.00,562,565,32.3%,"1,126","1,189",67.9%,"1,750",3.00,5.00,2.56,BrownBear-Cran,[LOOKUP CU],Sockeye Model,03
SX_R21,SX,Upper Nass River,1995,389,1.00,389,1.95,758,1.00,758,"2,503",51.4%,"3,260","4,114",84.4%,"4,871",3.00,5.00,2.56,BrownBear-Cran,[LOOKUP CU],Sockeye Model,03
SX_R21,SX,Upper Nass River,1996,363,1.00,363,1.95,707,1.00,707,"2,124",43.5%,"2,831","4,171",85.5%,"4,878",3.00,5.00,2.56,BrownBear-Cran,[LOOKUP CU],Sockeye Model,03
SX_R21,SX,Upper Nass River,1997,398,1.00,398,1.95,775,1.00,775,996,29.4%,"1,771","2,608",77.1%,"3,383",3.00,5.00,2.56,BrownBear-Cran,[LOOKUP CU],Sockeye Model,03
SX_R21,SX,Upper Nass River,1998,329,1.00,329,1.95,640,1.00,640,339,16.6%,980,"1,401",68.6%,"2,042",3.00,5.00,2.56,BrownBear-Cran,[LOOKUP CU],Sockeye Model,03
SX_R21,SX,Upper Nass River,1999,328,1.00,328,1.95,640,1.00,640,"1,495",49.4%,"2,135","2,389",78.9%,"3,029",3.00,5.00,2.56,BrownBear-Cran,[LOOKUP CU],Sockeye Model,03
SX_R21,SX,Upper Nass River,2000,257,1.00,257,1.13,290,1.00,290,547,53.2%,837,739,71.8%,"1,029",3.00,5.00,4.43,BrownBear-Cran,[LOOKUP CU],Sockeye Model,03
SX_R21,SX,Upper Nass River,2001,224,1.00,224,1.13,253,1.00,253,344,32.5%,597,805,76.1%,"1,059",3.00,5.00,4.43,BrownBear-Cran,[LOOKUP CU],Sockeye Model,03
SX_R21,SX,Upper Nass River,2002,627,1.00,627,1.13,708,1.00,708,"1,535",61.6%,"2,243","1,782",71.6%,"2,490",3.00,5.00,4.43,BrownBear-Cran,[LOOKUP CU],Sockeye Model,03
SX_R21,SX,Upper Nass River,2003,275,1.00,275,1.13,311,1.00,311,641,53.8%,951,879,73.9%,"1,190",3.00,5.00,4.43,BrownBear-Cran,[LOOKUP CU],Sockeye Model,03
SX_R21,SX,Upper Nass River,2004,"1,240",1.00,"1,240",1.13,"1,401",1.00,"1,401","2,196",34.0%,"3,596","5,051",78.3%,"6,452",3.00,5.00,4.43,BrownBear-Cran,[LOOKUP CU],Sockeye Model,03
SX_R21,SX,Upper Nass River,2005,"1,516",1.00,"1,516",1.13,"1,712",1.00,"1,712","1,510",32.9%,"3,222","2,880",62.7%,"4,593",3.00,5.00,4.43,BrownBear-Cran,[LOOKUP CU],Sockeye Model,03
SX_R21,SX,Upper Nass River,2006,356,1.00,356,1.13,402,1.00,402,421,38.2%,823,700,63.5%,"1,102",3.00,5.00,4.43,BrownBear-Cran,[LOOKUP CU],Sockeye Model,03
SX_R21,SX,Upper Nass River,2007,180,1.00,180,1.13,203,1.00,203,202,19.1%,406,857,80.8%,"1,060",3.00,5.00,4.43,BrownBear-Cran,[LOOKUP CU],Sockeye Model,03
SX_R21,SX,Upper Nass River,2008,113,1.00,113,1.13,128,1.00,128,75,30.3%,202,119,48.2%,246,3.00,5.00,4.43,BrownBear-Cran,[LOOKUP CU],Sockeye Model,03
SX_R21,SX,Upper Nass River,2009,225,1.00,225,1.13,254,1.00,254,144,22.9%,398,373,59.5%,627,3.00,5.00,4.43,BrownBear-Cran,[LOOKUP CU],Sockeye Model,03
SX_R21,SX,Upper Nass River,2010,186,1.00,186,1.10,205,1.00,205,97,26.8%,301,155,43.1%,360,3.00,5.00,4.54,BrownBear-Cran,[LOOKUP CU],Sockeye Model,03
SX_R21,SX,Upper Nass River,2011,4,1.00,4,1.10,4,1.00,4,2,28.7%,7,4,46.4%,8,3.00,5.00,4.54,BrownBear-Cran,[LOOKUP CU],Sockeye Model,03
SX_R21,SX,Upper Nass River,2012,6,1.00,6,1.10,7,1.00,7,6,40.1%,12,7,52.9%,14,3.00,5.00,4.54,BrownBear-Cran,[LOOKUP CU],Sockeye Model,03
SX_R21,SX,Upper Nass River,2013,554,1.00,554,1.10,610,1.00,610,497,35.0%,"1,107",812,57.1%,"1,422",3.00,5.00,4.54,BrownBear-Cran,[LOOKUP CU],Sockeye Model,03
SX_R21,SX,Upper Nass River,2014,605,1.00,605,1.10,666,1.00,666,350,27.9%,"1,016",590,47.0%,"1,256",3.00,5.00,4.54,BrownBear-Cran,[LOOKUP CU],Sockeye Model,03
SX_R21,SX,Upper Nass River,2015,550,1.00,550,1.10,605,1.00,605,479,33.2%,"1,085",839,58.1%,"1,445",3.00,5.00,4.54,BrownBear-Cran,[LOOKUP CU],Sockeye Model,03
SX_R21,SX,Upper Nass River,2016,"2,602",1.00,"2,602",1.10,"2,864",1.00,"2,864",728,15.7%,"3,592","1,786",38.4%,"4,649",3.00,5.00,4.54,BrownBear-Cran,[LOOKUP CU],Sockeye Model,03
SX_R21,SX,Upper Nass River,2017,237,1.00,237,1.10,261,1.00,261,87,22.3%,348,128,33.0%,389,3.00,5.00,4.54,BrownBear-Cran,[LOOKUP CU],Sockeye Model,03
SX_R21,SX,Upper Nass River,2018,2,1.00,2,1.10,2,1.00,2,1,20.0%,3,1,31.8%,3,3.00,5.00,4.54,BrownBear-Cran,[LOOKUP CU],Sockeye Model,03
SX_R21,SX,Upper Nass River,2019,"1,295",1.00,"1,295",1.10,"1,425",1.00,"1,425",367,15.5%,"1,793",944,39.8%,"2,369",3.00,5.00,4.54,BrownBear-Cran,[LOOKUP CU],Sockeye Model,03
SX_R21,SX,Upper Nass River,2020,351,1.00,351,1.16,406,1.00,406,93,15.9%,499,177,30.3%,583,3.00,5.00,4.32,BrownBear-Cran,[LOOKUP CU],Sockeye Model,03
SX_R21,SX,Upper Nass River,2021,356,1.00,356,1.16,412,1.00,412,76,10.4%,488,316,43.4%,728,3.00,5.00,4.32,BrownBear-Cran,[LOOKUP CU],Sockeye Model,03
SX_R21,SX,Upper Nass River,2022,418,1.00,418,1.16,484,1.00,484,81,10.7%,565,271,35.9%,755,3.00,5.00,4.32,BrownBear-Cran,[LOOKUP CU],Sockeye Model,03
SX_R21,SX,Upper Nass River,2023,"1,884",1.00,"1,884",1.16,"2,182",1.00,"2,182",367,11.0%,"2,549","1,159",34.7%,"3,341",3.00,5.00,4.32,BrownBear-Cran,[LOOKUP CU],Sockeye Model,03